"key","value"
"EA","EAC"
"KG","KGM"
"M","MTR"
"M2","MTK"
"P","PCE"
"PC","PCE"
"PCS","PCE"
"PIECE","PCE"
"PIECE(ç‰‡)","PCE"
"PR","NPR"
"PAIR","NPR"
"Y","YRD"
"YARD","YRD"
"YARDS","YRD"
"YD","YRD"
"YDS","YRD"
"YDR","YRD"
"010121","01012100003"
"010129","01012900005"
"010130","01013000002"
"010190","01019000009"
"010221","01022100002"
"010229","01022900004"
"010231","01023100000"
"010239","01023900002"
"010310","01031000004"
"010391","01039100006"
"010392","01039200005"
"010410","01041000003"
"010613","01061300008"
"010631","01063100006"
"010632","01063200005"
"010641","01064100004"
"020312","02031200001"
"020322","02032200009"
"020410","02041000002"
"020421","02042100009"
"020422","02042200008"
"020423","02042300007"
"020430","02043000008"
"020441","02044100005"
"020442","02044200004"
"020443","02044300003"
"020500","02050000003"
"020621","02062100007"
"020622","02062200006"
"020641","02064100003"
"020711","02071100008"
"020712","02071200007"
"020724","02072400003"
"020725","02072500002"
"020741","02074100002"
"020742","02074200001"
"020743","02074300000"
"020751","02075100009"
"020752","02075200008"
"020753","02075300007"
"020910","02091000007"
"020990","02099000000"
"021011","02101100003"
"021012","02101200002"
"021019","02101900005"
"021020","02102000002"
"030191","03019100006"
"030193","03019300004"
"030194","03019400003"
"030195","03019500002"
"030211","03021100002"
"030213","03021300000"
"030214","03021400009"
"030219","03021900004"
"030221","03022100000"
"030222","03022200009"
"030223","03022300008"
"030224","03022400007"
"030229","03022900002"
"030231","03023100008"
"030232","03023200007"
"030233","03023300006"
"030234","03023400005"
"030235","03023500004"
"030236","03023600003"
"030239","03023900000"
"030241","03024100006"
"030242","03024200005"
"030243","03024300004"
"030244","03024400003"
"030245","03024500002"
"030246","03024600001"
"030247","03024700000"
"030251","03025100003"
"030252","03025200002"
"030253","03025300001"
"030254","03025400000"
"030255","03025500009"
"030256","03025600008"
"030259","03025900005"
"030271","03027100009"
"030272","03027200008"
"030273","03027300007"
"030274","03027400006"
"030279","03027900001"
"030282","03028200006"
"030283","03028300005"
"030284","03028400004"
"030285","03028500003"
"030292","03029200004"
"030311","03031100001"
"030312","03031200000"
"030313","03031300009"
"030314","03031400008"
"030319","03031900003"
"030323","03032300007"
"030324","03032400006"
"030325","03032500005"
"030326","03032600004"
"030329","03032900001"
"030331","03033100007"
"030332","03033200006"
"030333","03033300005"
"030334","03033400004"
"030339","03033900009"
"030341","03034100005"
"030342","03034200004"
"030343","03034300003"
"030344","03034400002"
"030345","03034500001"
"030346","03034600000"
"030349","03034900007"
"030351","03035100002"
"030353","03035300000"
"030355","03035500008"
"030356","03035600007"
"030357","03035700006"
"030363","03036300008"
"030364","03036400007"
"030365","03036500006"
"030366","03036600005"
"030367","03036700004"
"030368","03036800003"
"030382","03038200005"
"030383","03038300004"
"030384","03038400003"
"030392","03039200003"
"030431","03043100006"
"030432","03043200005"
"030433","03043300004"
"030441","03044100004"
"030442","03044200003"
"030443","03044300002"
"030444","03044400001"
"030445","03044500000"
"030446","03044600009"
"030448","03044800007"
"030453","03045300009"
"030454","03045400008"
"030455","03045500007"
"030457","03045700005"
"030461","03046100009"
"030462","03046200008"
"030463","03046300007"
"030471","03047100007"
"030472","03047200006"
"030473","03047300005"
"030474","03047400004"
"030475","03047500003"
"030479","03047900009"
"030481","03048100005"
"030482","03048200004"
"030484","03048400002"
"030485","03048500001"
"030486","03048600000"
"030532","03053200004"
"030541","03054100003"
"030542","03054200002"
"030543","03054300001"
"030551","03055100000"
"030552","03055200009"
"030561","03056100008"
"030562","03056200007"
"030563","03056300006"
"030615","03061500004"
"030616","03061600003"
"030634","03063400001"
"030694","03069400008"
"030712","03071200006"
"030721","03072100005"
"030722","03072200004"
"030732","03073200002"
"030751","03075100008"
"030752","03075200007"
"030782","03078200001"
"030784","03078400009"
"030812","03081200005"
"030822","03082200003"
"030829","03082900006"
"030910","03091000006"
"040320","04032000009"
"040510","04051000009"
"040610","04061000008"
"040630","04063000004"
"040640","04064000002"
"040690","04069000001"
"040721","04072100004"
"040729","04072900006"
"040790","04079000000"
"040811","04081100005"
"040900","04090000007"
"041010","04101000002"
"050510","05051000008"
"050610","05061000007"
"051110","05111000000"
"060230","06023000006"
"060240","06024000004"
"060311","06031100008"
"060312","06031200007"
"060314","06031400005"
"060315","06031500004"
"070110","07011000000"
"070190","07019000003"
"070200","07020000001"
"070390","07039000001"
"070410","07041000007"
"070420","07042000005"
"070511","07051100005"
"070519","07051900007"
"070521","07052100003"
"070529","07052900005"
"070610","07061000005"
"070700","07070000006"
"070810","07081000003"
"070820","07082000001"
"070930","07093000008"
"070940","07094000006"
"070952","07095200001"
"070953","07095300000"
"070954","07095400009"
"070955","07095500008"
"070956","07095600007"
"070960","07096000001"
"070970","07097000009"
"070991","07099100004"
"070992","07099200003"
"070993","07099300002"
"071010","07101000009"
"071021","07102100006"
"071022","07102200005"
"071030","07103000005"
"071090","07109000002"
"071120","07112000006"
"071140","07114000002"
"071159","07115900000"
"071220","07122000005"
"071232","07123200001"
"071233","07123300000"
"071234","07123400009"
"080111","08011100008"
"080112","08011200007"
"080221","08022100005"
"080222","08022200004"
"080231","08023100003"
"080232","08023200002"
"080251","08025100008"
"080252","08025200007"
"080261","08026100006"
"080262","08026200005"
"080270","08027000005"
"080280","08028000003"
"080291","08029100000"
"080292","08029200009"
"080440","08044000000"
"080590","08059000008"
"080610","08061000004"
"080720","08072000001"
"080810","08081000002"
"080840","08084000006"
"080910","08091000001"
"080921","08092100008"
"080929","08092900000"
"081010","08101000008"
"081020","08102000006"
"081030","08103000102"
"081050","08105000009"
"081060","08106000007"
"081070","08107000005"
"081110","08111000007"
"081120","08112000005"
"081210","08121000006"
"081310","08131000005"
"081330","08133000001"
"081350","08135000006"
"090111","09011100007"
"090112","09011200006"
"090121","09012100005"
"090122","09012200004"
"090210","09021000007"
"090300","09030000008"
"090412","09041200003"
"090422","09042200001"
"090510","09051000004"
"090520","09052000002"
"090611","09061100002"
"090619","09061900004"
"090620","09062000001"
"090710","09071000002"
"090720","09072000000"
"090811","09081100000"
"090812","09081200009"
"090821","09082100008"
"090822","09082200007"
"090921","09092100007"
"090922","09092200006"
"090931","09093100005"
"090932","09093200004"
"091020","09102000005"
"091030","09103000003"
"091091","09109100009"
"100111","10011100004"
"100191","10019100007"
"100210","10021000004"
"100290","10029000007"
"100310","10031000003"
"100390","10039000006"
"100410","10041000002"
"100490","10049000005"
"100510","10051000001"
"100610","10061000000"
"100620","10062000008"
"100640","10064000004"
"100710","10071000009"
"100790","10079000002"
"100821","10082100005"
"100829","10082900007"
"100830","10083000004"
"100840","10084000002"
"100850","10085000009"
"100860","10086000007"
"100890","10089000207"
"110412","11041200009"
"110430","11043000007"
"110520","11052000008"
"110710","11071000008"
"110720","11072000006"
"110811","11081100006"
"110812","11081200005"
"110813","11081300004"
"110820","11082000005"
"120241","12024100005"
"120242","12024200004"
"120300","12030000003"
"120710","12071000301"
"120721","12072100004"
"120729","12072900006"
"120760","12076000104"
"120791","12079100009"
"120910","12091000005"
"120921","12092100002"
"120922","12092200001"
"120923","12092300000"
"120924","12092400009"
"120925","12092500008"
"120929","12092900004"
"120930","12093000001"
"121010","12101000002"
"121020","12102000000"
"121130","12113000007"
"121140","12114000005"
"121150","12115000002"
"121292","12129200001"
"121293","12129300000"
"121294","12129400009"
"121300","12130000001"
"121410","12141000008"
"130120","13012000000"
"130211","13021100000"
"130212","13021200009"
"130213","13021300008"
"130214","13021400007"
"130220","13022000009"
"130231","13023100006"
"140110","14011000001"
"140120","14012000009"
"140420","14042000006"
"150110","15011000000"
"150120","15012000008"
"150190","15019000003"
"150290","15029000002"
"150410","15041000007"
"150420","15042000005"
"150430","15043000003"
"150710","15071000004"
"150790","15079000007"
"150810","15081000003"
"150890","15089000006"
"150920","15092000000"
"150930","15093000008"
"150940","15094000006"
"150990","15099000005"
"151010","15101000009"
"151090","15109000002"
"151110","15111000008"
"151190","15119000001"
"151221","15122100004"
"151229","15122900006"
"151311","15131100005"
"151319","15131900007"
"151411","15141100102"
"151419","15141900006"
"151511","15151100003"
"151519","15151900005"
"151521","15152100001"
"151529","15152900003"
"151530","15153000000"
"151550","15155000005"
"151560","15156000003"
"151630","15163000009"
"151710","15171000002"
"152000","15200000009"
"152110","15211000006"
"160300","16030000009"
"160431","16043100109"
"160432","16043200000"
"170112","17011200006"
"170114","17011400004"
"170220","17022000005"
"170230","17023000003"
"170240","17024000001"
"170250","17025000008"
"170260","17026000006"
"170410","17041000005"
"180200","18020000008"
"180310","18031000005"
"180320","18032000003"
"180400","18040000006"
"180500","18050000005"
"180610","18061000002"
"180620","18062000000"
"180631","18063100007"
"180632","18063200006"
"190120","19012000004"
"190240","19024000009"
"190430","19043000009"
"190510","19051000002"
"190520","19052000000"
"190531","19053100007"
"190532","19053200006"
"200540","20054000003"
"200570","20057000006"
"200710","20071000007"
"200830","20083000002"
"200840","20084000000"
"200850","20085000007"
"200860","20086000005"
"200870","20087000003"
"200880","20088000001"
"200891","20089100008"
"200893","20089300006"
"200897","20089700002"
"200981","20098100009"
"210111","21011100001"
"210112","21011200000"
"210120","21012000000"
"210130","21013000008"
"210220","21022000009"
"210230","21023000007"
"210320","21032000008"
"210330","21033000006"
"220291","22029100002"
"220300","22030000001"
"220421","22042100005"
"220422","22042200004"
"220429","22042900007"
"220430","22043000004"
"220830","22083000000"
"220840","22084000008"
"220850","22085000005"
"220860","22086000003"
"220870","22087000001"
"220900","22090000005"
"230210","23021000009"
"230230","23023000005"
"230310","23031000008"
"230330","23033000004"
"230610","23061000005"
"230620","23062000003"
"230630","23063000001"
"230641","23064100008"
"230649","23064900000"
"230650","23065000006"
"230660","23066000004"
"230800","23080000005"
"230910","23091000002"
"240130","24013000005"
"240210","24021000008"
"240220","24022000006"
"240311","24031100006"
"240319","24031900008"
"240391","24039100009"
"240411","24041100005"
"240419","24041900007"
"240491","24049100008"
"240492","24049200007"
"240499","24049900000"
"250200","25020000009"
"250300","25030000008"
"250410","25041000005"
"250490","25049000008"
"250510","25051000004"
"250610","25061000003"
"250620","25062000001"
"250810","25081000001"
"250830","25083000007"
"250840","25084000005"
"250850","25085000002"
"250860","25086000000"
"250870","25087000008"
"250900","25090000002"
"251010","25101000007"
"251020","25102000005"
"251110","25111000006"
"251120","25112000004"
"251310","25131000004"
"251611","25161100000"
"251720","25172000008"
"251730","25173000006"
"251741","25174100003"
"251749","25174900005"
"251810","25181000009"
"251820","25182000007"
"251910","25191000008"
"251990","25199000001"
"252020","25202000003"
"252100","25210000006"
"252210","25221000003"
"252220","25222000001"
"252230","25223000009"
"252321","25232100009"
"252330","25233000008"
"252410","25241000001"
"252490","25249000004"
"252510","25251000000"
"252520","25252000008"
"252530","25253000006"
"252610","25261000009"
"252620","25262000007"
"252910","25291000006"
"252921","25292100003"
"252922","25292200002"
"252930","25293000002"
"253020","25302000001"
"260111","26011100006"
"260112","26011200005"
"260120","26012000005"
"260200","26020000008"
"260300","26030000007"
"260400","26040000006"
"260500","26050000005"
"260700","26070000003"
"260800","26080000002"
"260900","26090000001"
"261000","26100000008"
"261100","26110000007"
"261210","26121000004"
"261220","26122000002"
"261310","26131000003"
"261390","26139000006"
"261400","26140000004"
"261510","26151000001"
"261610","26161000000"
"261710","26171000009"
"261800","26180000000"
"262011","26201100003"
"262021","26202100001"
"262029","26202900003"
"262030","26203000000"
"262040","26204000008"
"262060","26206000003"
"262091","26209100006"
"262110","26211000003"
"270111","27011100005"
"270112","27011200004"
"270119","27011900007"
"270120","27012000004"
"270210","27021000005"
"270220","27022000003"
"270300","27030000006"
"270500","27050000004"
"270600","27060000003"
"270710","27071000000"
"270720","27072000008"
"270730","27073000006"
"270740","27074000004"
"270750","27075000001"
"270791","27079100002"
"270810","27081000009"
"270820","27082000007"
"271099","27109900009"
"271111","27111100003"
"271112","27111200002"
"271113","27111300001"
"271121","27112100001"
"271210","27121000003"
"271220","27122000001"
"271311","27131100001"
"271312","27131200000"
"271320","27132000000"
"271390","27139000005"
"271410","27141000001"
"271490","27149000004"
"271600","27160000001"
"280110","28011000005"
"280120","28012000003"
"280200","28020000006"
"280410","28041000002"
"280421","28042100009"
"280429","28042900001"
"280430","28043000008"
"280469","28046900002"
"280480","28048000007"
"280490","28049000005"
"280511","28051100000"
"280512","28051200009"
"280519","28051900002"
"280540","28054000005"
"280620","28062000008"
"280910","28091000007"
"281111","28111100002"
"281112","28111200001"
"281211","28121100001"
"281212","28121200000"
"281213","28121300009"
"281214","28121400008"
"281215","28121500007"
"281216","28121600006"
"281217","28121700005"
"281310","28131000001"
"281410","28141000000"
"281420","28142000008"
"281511","28151100008"
"281512","28151200007"
"281520","28152000007"
"281810","28181000006"
"281820","28182000004"
"281830","28183000002"
"281910","28191000005"
"282010","28201000002"
"282090","28209000005"
"282410","28241000008"
"282510","28251000007"
"282580","28258000002"
"282612","28261200004"
"282630","28263000002"
"282710","28271000005"
"282720","28272000003"
"282731","28273100000"
"282732","28273200009"
"282735","28273500006"
"282741","28274100008"
"282749","28274900000"
"282759","28275900007"
"282911","28291100002"
"283190","28319000002"
"283210","28321000008"
"283220","28322000006"
"283311","28331100006"
"283319","28331900008"
"283321","28332100004"
"283322","28332200003"
"283324","28332400001"
"283325","28332500000"
"283327","28332700008"
"283340","28334000001"
"283421","28342100003"
"283522","28352200001"
"283524","28352400009"
"283525","28352500008"
"283531","28353100000"
"283539","28353900002"
"283630","28363000000"
"283640","28364000008"
"283650","28365000005"
"283660","28366000003"
"283691","28369100006"
"283692","28369200005"
"283911","28391100000"
"284011","28401100007"
"284019","28401900009"
"284020","28402000006"
"284030","28403000004"
"284130","28413000003"
"284161","28416100005"
"284169","28416900007"
"284170","28417000004"
"284180","28418000002"
"284210","28421000006"
"284310","28431000005"
"284321","28432100002"
"284420","28442000002"
"284430","28443000000"
"284441","28444100007"
"284442","28444200006"
"284443","28444300005"
"284444","28444400004"
"284450","28445000005"
"284510","28451000003"
"284520","28452000001"
"284530","28453000009"
"284540","28454000007"
"284590","28459000006"
"284610","28461000002"
"284690","28469000005"
"284700","28470000003"
"284910","28491000009"
"284920","28492000007"
"285290","28529000006"
"285310","28531000002"
"290121","29012100001"
"290122","29012200000"
"290211","29021100002"
"290220","29022000001"
"290230","29023000009"
"290241","29024100006"
"290242","29024200005"
"290243","29024300004"
"290244","29024400003"
"290250","29025000004"
"290260","29026000002"
"290270","29027000000"
"290312","29031200000"
"290313","29031300009"
"290314","29031400008"
"290315","29031500007"
"290321","29032100009"
"290322","29032200008"
"290323","29032300007"
"290341","29034100005"
"290342","29034200004"
"290343","29034300003"
"290344","29034400002"
"290345","29034500001"
"290346","29034600000"
"290347","29034700009"
"290348","29034800008"
"290349","29034900007"
"290351","29035100002"
"290359","29035900004"
"290361","29036100000"
"290362","29036200009"
"290371","29037100008"
"290372","29037200007"
"290373","29037300006"
"290374","29037400005"
"290375","29037500004"
"290376","29037600003"
"290378","29037800001"
"290381","29038100006"
"290383","29038300004"
"290391","29039100004"
"290393","29039300002"
"290394","29039400001"
"290410","29041000001"
"290431","29043100006"
"290432","29043200005"
"290433","29043300004"
"290434","29043400003"
"290435","29043500002"
"290436","29043600001"
"290491","29049100003"
"290511","29051100009"
"290513","29051300007"
"290516","29051600004"
"290517","29051700003"
"290531","29053100005"
"290532","29053200004"
"290541","29054100003"
"290542","29054200002"
"290543","29054300001"
"290544","29054400000"
"290545","29054500009"
"290551","29055100000"
"290611","29061100008"
"290621","29062100006"
"290721","29072100005"
"290722","29072200004"
"290723","29072300003"
"290811","29081100006"
"290891","29089100009"
"290911","29091100005"
"290941","29094100009"
"291010","29101000003"
"291020","29102000001"
"291030","29103000009"
"291040","29104000007"
"291050","29105000004"
"291100","29110000004"
"291211","29121100000"
"291212","29121200009"
"291221","29122100008"
"291229","29122900000"
"291241","29124100004"
"291242","29124200003"
"291250","29125000002"
"291260","29126000000"
"291411","29141100008"
"291412","29141200007"
"291413","29141300006"
"291419","29141900000"
"291423","29142300004"
"291431","29143100004"
"291450","29145000000"
"291461","29146100007"
"291462","29146200006"
"291469","29146900009"
"291471","29147100005"
"291511","29151100007"
"291512","29151200006"
"291513","29151300005"
"291521","29152100005"
"291524","29152400002"
"291531","29153100003"
"291532","29153200002"
"291533","29153300001"
"291536","29153600008"
"291539","29153900005"
"291560","29156000007"
"291616","29161600001"
"291619","29161900008"
"291620","29162000005"
"291713","29171300003"
"291714","29171400002"
"291735","29173500007"
"291737","29173700005"
"291812","29181200003"
"291813","29181300002"
"291814","29181400001"
"291816","29181600009"
"291817","29181700106"
"291818","29181800007"
"291821","29182100002"
"291822","29182200001"
"291823","29182300000"
"291830","29183000001"
"291891","29189100007"
"291910","29191000004"
"292011","29201100000"
"292021","29202100008"
"292022","29202200007"
"292023","29202300006"
"292024","29202400005"
"292112","29211200106"
"292113","29211300007"
"292114","29211400006"
"292121","29212100007"
"292122","29212200006"
"292142","29214200903"
"292144","29214400000"
"292146","29214600008"
"292211","29221100008"
"292212","29221200007"
"292214","29221400005"
"292215","29221500004"
"292216","29221600003"
"292218","29221800001"
"292221","29222100006"
"292231","29223100004"
"292241","29224100002"
"292244","29224400009"
"292330","29233000004"
"292340","29234000002"
"292390","29239000001"
"292411","29241100006"
"292412","29241200005"
"292424","29242400001"
"292425","29242500000"
"292511","29251100005"
"292512","29251200004"
"292521","29252100003"
"292610","29261000005"
"292620","29262000003"
"292630","29263000001"
"292640","29264000009"
"293010","29301000009"
"293060","29306000008"
"293070","29307000006"
"293110","29311000008"
"293141","29314100001"
"293142","29314200000"
"293143","29314300009"
"293144","29314400008"
"293145","29314500007"
"293146","29314600006"
"293147","29314700005"
"293148","29314800004"
"293151","29315100008"
"293152","29315200007"
"293153","29315300006"
"293154","29315400005"
"293211","29321100006"
"293212","29321200005"
"293214","29321400003"
"293291","29329100009"
"293292","29329200008"
"293293","29329300007"
"293294","29329400006"
"293295","29329500005"
"293296","29329600004"
"293311","29331100005"
"293321","29332100003"
"293329","29332900005"
"293333","29333300009"
"293334","29333400008"
"293335","29333500007"
"293336","29333600006"
"293337","29333700005"
"293341","29334100009"
"293352","29335200005"
"293353","29335300004"
"293354","29335400003"
"293355","29335500002"
"293361","29336100004"
"293371","29337100002"
"293372","29337200001"
"293391","29339100008"
"293392","29339200007"
"293410","29341000005"
"293430","29343000001"
"293492","29349200006"
"293510","29351000004"
"293520","29352000002"
"293530","29353000000"
"293540","29354000008"
"293550","29355000005"
"293621","29362100000"
"293622","29362200009"
"293623","29362300008"
"293624","29362400007"
"293625","29362500006"
"293626","29362600005"
"293627","29362700004"
"293628","29362800003"
"293711","29371100001"
"293712","29371200000"
"293719","29371900003"
"293722","29372200008"
"293723","29372300007"
"293750","29375000003"
"293810","29381000001"
"293890","29389000004"
"293911","29391100009"
"293920","29392000008"
"293941","29394100003"
"293942","29394200002"
"293943","29394300001"
"293944","29394400000"
"293945","29394500009"
"293951","29395100000"
"293961","29396100008"
"293962","29396200007"
"293963","29396300006"
"293969","29396900000"
"293972","29397200005"
"293980","29398000005"
"294000","29400000009"
"300120","30012000009"
"300213","30021300007"
"300214","30021400006"
"300215","30021500906"
"300241","30024100003"
"300251","30025100000"
"300259","30025900002"
"300331","30033100004"
"300339","30033900006"
"300341","30034100002"
"300342","30034200001"
"300343","30034300000"
"300360","30036000008"
"300431","30043100003"
"300432","30043200002"
"300441","30044100001"
"300442","30044200000"
"300443","30044300009"
"300450","30045000009"
"300460","30046000007"
"300630","30063000002"
"300660","30066000005"
"300670","30067000003"
"300691","30069100008"
"300692","30069200007"
"310229","31022900008"
"310240","31024000003"
"310280","31028000004"
"310311","31031100007"
"310319","31031900009"
"310390","31039000001"
"310520","31052000004"
"310530","31053000002"
"310540","31054000000"
"310551","31055100006"
"310559","31055900008"
"310560","31056000005"
"320110","32011000009"
"320120","32012000007"
"320210","32021000008"
"320420","32042000004"
"320490","32049000009"
"320611","32061100003"
"320619","32061900005"
"320740","32074000007"
"321100","32110000009"
"321310","32131000005"
"321390","32139000008"
"321490","32149000007"
"321590","32159000006"
"330112","33011200006"
"330113","33011300005"
"330119","33011900009"
"330124","33012400002"
"330125","33012500001"
"330130","33013000004"
"330290","33029000000"
"330300","33030000008"
"330410","33041000005"
"330510","33051000914"
"330520","33052000002"
"330530","33053000000"
"330620","33062000001"
"330690","33069000006"
"330710","33071000002"
"330720","33072000000"
"330730","33073000008"
"330741","33074100005"
"330749","33074900007"
"340119","34011900008"
"340130","34013000003"
"340231","34023100001"
"340239","34023900003"
"340241","34024100009"
"340249","34024900001"
"340250","34025000007"
"340290","34029000009"
"340391","34039100007"
"340399","34039900009"
"340420","34042000002"
"340510","34051000003"
"340520","34052000001"
"340530","34053000009"
"340540","34054000007"
"340590","34059000006"
"340600","34060000004"
"350110","35011000006"
"350220","35022000003"
"350290","35029000008"
"350520","35052000000"
"350699","35069900005"
"350710","35071000000"
"350790","35079000003"
"360310","36031000003"
"360320","36032000001"
"360330","36033000009"
"360340","36034000007"
"360350","36035000004"
"360360","36036000002"
"360500","36050000003"
"360610","36061000000"
"370110","37011000004"
"370120","37012000002"
"370191","37019100006"
"370199","37019990009"
"370210","37021000003"
"370232","37023200007"
"370239","37023900000"
"370253","37025300001"
"370296","37029600000"
"370297","37029700009"
"370298","37029800008"
"370710","37071000008"
"380110","38011000003"
"380120","38012000001"
"380130","38013000009"
"380190","38019000006"
"380210","38021000002"
"380300","38030000003"
"380510","38051000009"
"380610","38061000008"
"380620","38062000006"
"380630","38063000004"
"380852","38085200005"
"380861","38086100004"
"380862","38086200003"
"380991","38099100007"
"380992","38099200006"
"380993","38099300005"
"381111","38111100000"
"381119","38111900002"
"381121","38112100008"
"381129","38112900000"
"381190","38119000004"
"381210","38121000000"
"381220","38122000008"
"381231","38123100005"
"381400","38140000000"
"381511","38151100006"
"381512","38151200005"
"381519","38151900008"
"381700","38170000007"
"382000","38200000002"
"382100","38210000001"
"382211","38221100007"
"382213","38221300005"
"382290","38229000001"
"382311","38231100006"
"382312","38231200005"
"382313","38231300004"
"382370","38237000004"
"382410","38241000006"
"382430","38243000002"
"382440","38244000000"
"382450","38245000007"
"382460","38246000005"
"382481","38248100000"
"382483","38248300008"
"382484","38248400007"
"382485","38248500006"
"382486","38248600005"
"382487","38248700004"
"382488","38248800003"
"382489","38248900002"
"382491","38249100008"
"382492","38249200007"
"382520","38252000003"
"382530","38253000001"
"382541","38254100008"
"382549","38254900000"
"382550","38255000006"
"382561","38256100003"
"382569","38256900005"
"382590","38259000008"
"382600","38260000006"
"382711","38271100002"
"382712","38271200001"
"382713","38271300000"
"382714","38271400009"
"382720","38272000001"
"382731","38273100008"
"382732","38273200007"
"382739","38273900000"
"382751","38275100003"
"382759","38275900005"
"382762","38276200000"
"382765","38276500007"
"382768","38276800004"
"382769","38276900003"
"382790","38279000006"
"390120","39012000000"
"390140","39014000006"
"390220","39022000009"
"390230","39023000007"
"390311","39031100009"
"390319","39031900001"
"390320","39032000008"
"390330","39033000006"
"390410","39041000009"
"390421","39042100006"
"390422","39042200005"
"390430","39043000005"
"390440","39044000003"
"390450","39045000000"
"390461","39046100007"
"390469","39046900009"
"390490","39049000002"
"390512","39051200006"
"390519","39051900009"
"390521","39052100005"
"390529","39052900007"
"390530","39053000004"
"390591","39059100000"
"390710","39071000006"
"390721","39072100003"
"390740","39074000000"
"390750","39075000007"
"390769","39076900006"
"390770","39077000003"
"390791","39079100008"
"390890","39089000008"
"390910","39091000004"
"390920","39092000002"
"390939","39093900001"
"390940","39094000008"
"390950","39095000005"
"391120","39112000008"
"391211","39121100008"
"391212","39121200007"
"391231","39123100004"
"391290","39129000002"
"391400","39140000009"
"391510","39151000006"
"391520","39152000004"
"391530","39153000002"
"391610","39161000005"
"391620","39162000003"
"391690","39169000008"
"391710","39171000004"
"391721","39172100001"
"391722","39172200000"
"391723","39172300009"
"391729","39172900003"
"391731","39173100009"
"391910","39191000002"
"392073","39207300003"
"392079","39207900007"
"392114","39211400004"
"392321","39232100003"
"392330","39233000002"
"392520","39252000002"
"392530","39253000000"
"392590","39259000007"
"392610","39261000003"
"392630","39263000009"
"392640","39264000007"
"400110","40011000009"
"400121","40012100006"
"400122","40012200005"
"400129","40012900008"
"400130","40013000005"
"400211","40021100007"
"400220","40022000006"
"400231","40023100003"
"400239","40023900005"
"400241","40024100001"
"400249","40024900003"
"400251","40025100008"
"400259","40025900000"
"400260","40026000007"
"400270","40027000005"
"400280","40028000003"
"400291","40029100000"
"400300","40030000009"
"400400","40040000008"
"400510","40051000005"
"400520","40052000003"
"400591","40059100007"
"400599","40059900009"
"400610","40061000004"
"400700","40070000005"
"400811","40081100001"
"400819","40081900003"
"400829","40082900001"
"401011","40101100007"
"401012","40101200006"
"401019","40101900009"
"401031","40103100003"
"401032","40103200002"
"401033","40103300001"
"401034","40103400000"
"401035","40103500009"
"401036","40103600008"
"401039","40103900005"
"401130","40113000003"
"401140","40114000001"
"401150","40115000008"
"401190","40119000000"
"401211","40121100005"
"401212","40121200004"
"401213","40121300003"
"401219","40121900007"
"401310","40131000005"
"401320","40132000003"
"401610","40161000002"
"401691","40169100004"
"401692","40169200003"
"401694","40169400001"
"401695","40169500000"
"410150","41015000009"
"410190","41019000001"
"410210","41021000007"
"410221","41022100004"
"410330","41033000002"
"410510","41051000004"
"410530","41053000000"
"410621","41062100000"
"410622","41062200009"
"410632","41063200007"
"410692","41069200004"
"410791","41079100004"
"410792","41079200003"
"410799","41079900006"
"411200","41120000007"
"411310","41131000004"
"411320","41132000002"
"411330","41133000000"
"411390","41139000007"
"411410","41141000003"
"411420","41142000001"
"411510","41151000002"
"411520","41152000000"
"420211","42021100005"
"420219","42021900007"
"420221","42022100003"
"420229","42022900005"
"420231","42023100001"
"420239","42023900003"
"420310","42031000005"
"420329","42032900004"
"420340","42034000009"
"430110","43011000006"
"430130","43013000002"
"430160","43016000005"
"430211","43021100004"
"430400","43040000005"
"440121","44012100002"
"440122","44012200001"
"440131","44013100000"
"440132","44013200009"
"440141","44014100008"
"440210","44021000004"
"440220","44022000002"
"440290","44029000007"
"440321","44032100000"
"440322","44032200009"
"440341","44034100006"
"440342","44034200005"
"440391","44039100005"
"440393","44039300003"
"440394","44039400002"
"440395","44039500001"
"440396","44039600000"
"440397","44039700009"
"440398","44039800008"
"440410","44041000002"
"440420","44042000000"
"440611","44061100009"
"440612","44061200008"
"440691","44069100002"
"440692","44069200001"
"440711","44071100008"
"440713","44071300006"
"440714","44071400005"
"440721","44072100006"
"440722","44072200005"
"440723","44072300004"
"440725","44072500002"
"440726","44072600001"
"440727","44072700000"
"440728","44072800009"
"440791","44079100001"
"440792","44079200000"
"440793","44079300009"
"440794","44079400008"
"440795","44079500007"
"440796","44079600006"
"440797","44079700005"
"440810","44081000106"
"440831","44083100101"
"440921","44092100004"
"440922","44092200003"
"441012","44101200002"
"441090","44109000007"
"441410","44141000000"
"441490","44149000003"
"441510","44151000009"
"441520","44152000007"
"441700","44170000009"
"441811","44181100005"
"441819","44181900007"
"441821","44182100003"
"441829","44182900005"
"441830","44183000002"
"441840","44184000000"
"441850","44185000007"
"441873","44187300000"
"441874","44187400009"
"441875","44187500008"
"441879","44187900004"
"441881","44188100000"
"441882","44188200009"
"441883","44188300008"
"441889","44188900002"
"441891","44189100008"
"441892","44189200007"
"441911","44191100004"
"441919","44191900006"
"441920","44192000003"
"442011","44201100001"
"442110","44211000001"
"442120","44212000009"
"442191","44219100003"
"450110","45011000004"
"450190","45019000007"
"450200","45020000005"
"450310","45031000002"
"450410","45041000001"
"460121","46012100000"
"460192","46019200004"
"460211","46021100001"
"460212","46021200000"
"460290","46029000005"
"470100","47010000004"
"470200","47020000003"
"470311","47031100009"
"470319","47031900001"
"470321","47032100007"
"470329","47032900009"
"470411","47041100008"
"470419","47041900000"
"470421","47042100006"
"470429","47042900008"
"470500","47050000000"
"470610","47061000007"
"470620","47062000005"
"470630","47063000003"
"470691","47069100009"
"470693","47069300007"
"470710","47071000006"
"470720","47072000004"
"470790","47079000009"
"480100","48010000003"
"480220","48022000008"
"480240","48024000004"
"480254","48025400007"
"480411","48041100007"
"480419","48041900009"
"480421","48042100005"
"480429","48042900007"
"480431","48043100003"
"480439","48043900005"
"480441","48044100001"
"480442","48044200000"
"480449","48044900003"
"480451","48045100008"
"480452","48045200007"
"480459","48045900000"
"480511","48051100006"
"480512","48051200005"
"480530","48053000003"
"480550","48055000008"
"480610","48061000006"
"480620","48062000004"
"480630","48063000002"
"480640","48064000000"
"480700","48070000007"
"480840","48084000008"
"480920","48092000001"
"481029","48102900009"
"481031","48103100005"
"481110","48111000009"
"481141","48114100002"
"481149","48114900004"
"481151","48115100009"
"481159","48115900001"
"481160","48116000008"
"481200","48120000000"
"481310","48131000007"
"481320","48132000005"
"481420","48142000004"
"481620","48162000002"
"481710","48171000003"
"481720","48172000001"
"481730","48173000009"
"481810","48181000002"
"481820","48182000000"
"481830","48183000008"
"481850","48185000003"
"481910","48191000001"
"481920","48192000009"
"481930","48193000007"
"481940","48194000005"
"481950","48195000002"
"481960","48196000000"
"482020","48202000006"
"482030","48203000004"
"482040","48204000002"
"482090","48209000001"
"482110","48211000007"
"482190","48219000000"
"482210","48221000006"
"482290","48229000009"
"482320","48232000003"
"482340","48234000009"
"482361","48236100003"
"482369","48236900005"
"482370","48237000002"
"490110","49011000000"
"490191","49019100002"
"490210","49021000009"
"490290","49029000002"
"490400","49040000009"
"490520","49052000004"
"490590","49059000009"
"490600","49060000007"
"490810","49081000003"
"490890","49089000006"
"491000","49100000001"
"491110","49111000008"
"491199","49119900002"
"500100","50010000009"
"500200","50020000008"
"500500","50050000005"
"500720","50072000009"
"500790","50079000004"
"510111","51011100005"
"510119","51011900007"
"510121","51012100003"
"510129","51012900005"
"510130","51013000002"
"510310","51031000004"
"510320","51032000002"
"510330","51033000000"
"510400","51040000005"
"510510","51051000002"
"510521","51052100009"
"510529","51052900001"
"510531","51053100007"
"510539","51053900009"
"510540","51054000006"
"510610","51061000001"
"510620","51062000009"
"510710","51071000000"
"510720","51072000008"
"510810","51081000009"
"510820","51082000007"
"510910","51091000008"
"510990","51099000001"
"511000","51100000007"
"511111","51111100003"
"511119","51111900005"
"511120","51112000002"
"511130","51113000000"
"511190","51119000007"
"511211","51121100002"
"511219","51121900004"
"511220","51122000001"
"511230","51123000009"
"511290","51129000006"
"511300","51130000004"
"520100","52010000007"
"520210","52021000004"
"520291","52029100006"
"520299","52029900008"
"520300","52030000005"
"520411","52041100001"
"520419","52041900003"
"520420","52042000000"
"520710","52071000009"
"520790","52079000002"
"520811","52081100007"
"520812","52081200006"
"520813","52081300005"
"520819","52081900009"
"520821","52082100005"
"520822","52082200004"
"520823","52082300003"
"520829","52082900007"
"520831","52083100003"
"520832","52083200002"
"520833","52083300001"
"520839","52083900005"
"520841","52084100001"
"520842","52084200000"
"520843","52084300009"
"520849","52084900003"
"520851","52085100008"
"520852","52085200007"
"520911","52091100006"
"520912","52091200005"
"520919","52091900008"
"520921","52092100004"
"520922","52092200003"
"520929","52092900006"
"520931","52093100002"
"520932","52093200001"
"520939","52093900004"
"520941","52094100000"
"520942","52094200009"
"520943","52094300008"
"520949","52094900002"
"520951","52095100007"
"520952","52095200006"
"520959","52095900009"
"521011","52101100003"
"521021","52102100001"
"521031","52103100009"
"521032","52103200008"
"521039","52103900001"
"521041","52104100007"
"521051","52105100004"
"521111","52111100002"
"521112","52111200001"
"521119","52111900004"
"521131","52113100008"
"521132","52113200007"
"521139","52113900000"
"521141","52114100006"
"521142","52114200005"
"521143","52114300004"
"521149","52114900008"
"521151","52115100003"
"521152","52115200002"
"521159","52115900005"
"521211","52121100001"
"521212","52121200000"
"521213","52121300009"
"521214","52121400008"
"521215","52121500007"
"521221","52122100009"
"521222","52122200008"
"521223","52122300007"
"521224","52122400006"
"521225","52122500005"
"530110","53011000004"
"530121","53012100001"
"530129","53012900003"
"530130","53013000000"
"530210","53021000003"
"530290","53029000006"
"530390","53039000005"
"530610","53061000009"
"530620","53062000007"
"530810","53081000007"
"530820","53082000005"
"530911","53091100005"
"530919","53091900007"
"530921","53092100003"
"530929","53092900005"
"531010","53101000003"
"531090","53109000006"
"540120","54012000001"
"540211","54021100001"
"540219","54021900003"
"540220","54022000000"
"540231","54023100007"
"540232","54023200006"
"540233","54023300005"
"540234","54023400004"
"540239","54023900009"
"540245","54024500001"
"540246","54024600000"
"540247","54024700009"
"540248","54024800008"
"540251","54025100002"
"540252","54025200001"
"540253","54025300000"
"540259","54025900004"
"540261","54026100000"
"540262","54026200009"
"540263","54026300008"
"540269","54026900002"
"540310","54031000001"
"540720","54072000005"
"540730","54073000003"
"540742","54074200009"
"540743","54074300008"
"540744","54074400007"
"540752","54075200006"
"540753","54075300005"
"540754","54075400004"
"540773","54077300001"
"540774","54077400000"
"540782","54078200000"
"540783","54078300009"
"540784","54078400008"
"540792","54079200008"
"540793","54079300007"
"540794","54079400006"
"540810","54081000006"
"540822","54082200002"
"540823","54082300001"
"540824","54082400000"
"540832","54083200000"
"540833","54083300009"
"540834","54083400008"
"550111","55011100001"
"550119","55011900003"
"550120","55012000000"
"550130","55013000008"
"550140","55014000006"
"550190","55019000005"
"550210","55021000001"
"550290","55029000004"
"550311","55031100009"
"550319","55031900001"
"550320","55032000008"
"550330","55033000006"
"550340","55034000004"
"550410","55041000009"
"550490","55049000002"
"550510","55051000008"
"550520","55052000006"
"550610","55061000007"
"550620","55062000005"
"550630","55063000003"
"550640","55064000001"
"550690","55069000000"
"550700","55070000008"
"550810","55081000005"
"550820","55082000003"
"550911","55091100003"
"550912","55091200002"
"550921","55092100001"
"550922","55092200000"
"550931","55093100009"
"550932","55093200008"
"550941","55094100007"
"550942","55094200006"
"550951","55095100004"
"550952","55095200003"
"550953","55095300002"
"550959","55095900006"
"550961","55096100002"
"550962","55096200001"
"550969","55096900004"
"550991","55099100006"
"550992","55099200005"
"550999","55099900008"
"551011","55101100000"
"551012","55101200009"
"551020","55102000009"
"551030","55103000007"
"551090","55109000004"
"551110","55111000000"
"551120","55112000008"
"551130","55113000006"
"551219","55121900000"
"551229","55122900008"
"551299","55129900003"
"551321","55132100005"
"551329","55132900007"
"551331","55133100003"
"551341","55134100001"
"551421","55142100004"
"551422","55142200003"
"551423","55142300002"
"551429","55142900006"
"551441","55144100000"
"551442","55144200009"
"551443","55144300008"
"551449","55144900002"
"551612","55161200003"
"551613","55161300002"
"551614","55161400001"
"551622","55162200001"
"551623","55162300000"
"551624","55162400009"
"551632","55163200009"
"551633","55163300008"
"551634","55163400007"
"551642","55164200007"
"551643","55164300006"
"551644","55164400005"
"551692","55169200006"
"551693","55169300005"
"551694","55169400004"
"560210","56021000000"
"560221","56022100007"
"560229","56022900009"
"560721","56072100002"
"560729","56072900004"
"560741","56074100008"
"560749","56074900000"
"560750","56075000006"
"560811","56081100003"
"560819","56081900005"
"560890","56089000007"
"570110","57011000000"
"570210","57021000009"
"570220","57022000007"
"570231","57023100004"
"570232","57023200003"
"570241","57024100002"
"570242","57024200001"
"570291","57029100001"
"570292","57029200000"
"570310","57031000008"
"570321","57032100005"
"570329","57032900007"
"570331","57033100003"
"570339","57033900005"
"580110","58011000009"
"580121","58012100006"
"580122","58012200005"
"580123","58012300004"
"580126","58012600001"
"580131","58013100004"
"580132","58013200003"
"580133","58013300002"
"580136","58013600009"
"580421","58042100003"
"580631","58063190000"
"580640","58064000008"
"581010","58101000008"
"581091","58109100000"
"581092","58109200009"
"590210","59021000007"
"590220","59022000005"
"590290","59029000000"
"590410","59041000005"
"590800","59080000003"
"590900","59090000002"
"591000","59100000009"
"591120","59112000004"
"591131","59113100001"
"591132","59113200000"
"591140","59114000000"
"600121","60012100002"
"600122","60012200001"
"600191","60019100007"
"600192","60019200006"
"600199","60019900009"
"600310","60031000003"
"600320","60032000001"
"600330","60033000009"
"600340","60034000007"
"600522","60052200007"
"600523","60052300006"
"600524","60052400005"
"600537","60053700000"
"600538","60053800009"
"600539","60053900008"
"600542","60054200003"
"600543","60054300002"
"600544","60054400001"
"600610","60061000000"
"600622","60062200006"
"600623","60062300005"
"600624","60062400004"
"600632","60063200004"
"600633","60063300003"
"600634","60063400002"
"600642","60064200002"
"600643","60064300001"
"600644","60064400000"
"610120","61012000002"
"610130","61013000000"
"610210","61021000003"
"610220","61022000001"
"610230","61023000009"
"610322","61032200008"
"610323","61032300007"
"610331","61033100007"
"610332","61033200006"
"610333","61033300005"
"610413","61041300008"
"610422","61042200007"
"610423","61042300006"
"610431","61043100006"
"610432","61043200005"
"610433","61043300004"
"610441","61044100004"
"610442","61044200003"
"610443","61044300002"
"610444","61044400001"
"610451","61045100001"
"610452","61045200000"
"610453","61045300009"
"610510","61051000000"
"610520","61052000008"
"610610","61061000009"
"610620","61062000007"
"610711","61071100007"
"610712","61071200006"
"610721","61072100005"
"610722","61072200004"
"610791","61079100000"
"610811","61081100006"
"610821","61082100004"
"610822","61082200003"
"610831","61083100002"
"610832","61083200001"
"610891","61089100009"
"610892","61089200008"
"610910","61091000006"
"611011","61101100002"
"611012","61101200001"
"611019","61101900004"
"611020","61102000001"
"611030","61103000009"
"611120","61112000000"
"611130","61113000008"
"611211","61121100000"
"611212","61121200009"
"611231","61123100006"
"611239","61123900008"
"611241","61124100004"
"611249","61124900006"
"611300","61130000002"
"611420","61142000007"
"611430","61143000005"
"611521","61152100005"
"611522","61152200004"
"611530","61153000004"
"611594","61159400007"
"611595","61159500006"
"611691","61169100009"
"611692","61169200008"
"611693","61169300007"
"620120","62012000001"
"620130","62013000009"
"620140","62014000007"
"620190","62019000006"
"620220","62022000000"
"620230","62023000008"
"620240","62024000006"
"620290","62029000005"
"620311","62031100000"
"620312","62031200009"
"620322","62032200007"
"620323","62032300006"
"620331","62033100006"
"620332","62033200005"
"620333","62033300004"
"620411","62041100009"
"620412","62041200008"
"620413","62041300007"
"620421","62042100007"
"620422","62042200006"
"620423","62042300005"
"620431","62043100005"
"620432","62043200004"
"620433","62043300003"
"620441","62044100003"
"620442","62044200002"
"620443","62044300001"
"620444","62044400000"
"620451","62045100000"
"620452","62045200009"
"620453","62045300008"
"620520","62052000007"
"620530","62053000005"
"620610","62061000008"
"620620","62062000006"
"620630","62063000004"
"620640","62064000002"
"620690","62069000001"
"620711","62071100006"
"620721","62072100004"
"620722","62072200003"
"620791","62079100009"
"620811","62081100005"
"620821","62082100003"
"620822","62082200002"
"620891","62089100008"
"620892","62089200007"
"620920","62092000003"
"620930","62093000001"
"621020","62102000000"
"621030","62103000008"
"621040","62104000006"
"621050","62105000003"
"621132","62113200005"
"621133","62113300004"
"621220","62122000008"
"621290","62129000003"
"621320","62132000007"
"621410","62141000008"
"621420","62142000006"
"621430","62143000004"
"621440","62144000002"
"621490","62149000001"
"621510","62151000007"
"621520","62152000005"
"621590","62159000000"
"630110","63011000002"
"630120","63012000000"
"630130","63013000008"
"630140","63014000006"
"630221","63022100008"
"630222","63022200007"
"630231","63023100006"
"630232","63023200005"
"630251","63025100001"
"630253","63025300009"
"630260","63026000000"
"630291","63029100003"
"630293","63029300001"
"630312","63031200008"
"630391","63039100002"
"630392","63039200001"
"630492","63049200000"
"630493","63049300009"
"630510","63051000008"
"630520","63052000006"
"630532","63053200002"
"630533","63053300001"
"630539","63053900005"
"630590","63059000001"
"630612","63061200005"
"630622","63062200003"
"630710","63071000006"
"630720","63072000004"
"630800","63080000007"
"630900","63090000006"
"640192","64019200002"
"640212","64021200008"
"640220","64022000008"
"640312","64031200007"
"640320","64032000007"
"640340","64034000003"
"640351","64035100009"
"640510","64051000007"
"640590","64059000000"
"650100","65010000002"
"650691","65069100007"
"660110","66011000009"
"660191","66019100001"
"660199","66019900003"
"660200","66020000000"
"660320","66032000005"
"670210","67021000007"
"670290","67029000000"
"670300","67030000008"
"670411","67041100004"
"670419","67041900006"
"670420","67042000003"
"670490","67049000008"
"680100","68010000009"
"680210","68021000006"
"680221","68022100003"
"680223","68022300001"
"680300","68030000007"
"680421","68042100001"
"680422","68042200000"
"680423","68042300009"
"680430","68043000000"
"680510","68051000003"
"680520","68052000001"
"680530","68053000009"
"680610","68061000002"
"680620","68062000000"
"680690","68069000005"
"680710","68071000001"
"680790","68079000004"
"680800","68080000002"
"680911","68091100008"
"680919","68091900000"
"681011","68101100005"
"681091","68109100008"
"681181","68118100009"
"681182","68118200008"
"681291","68129100006"
"681410","68141000002"
"681490","68149000005"
"681511","68151100000"
"681512","68151200009"
"681513","68151300008"
"681519","68151900002"
"681520","68152000009"
"681591","68159100003"
"690100","69010000008"
"690210","69021000005"
"690220","69022000003"
"690410","69041000003"
"690490","69049000006"
"690510","69051000002"
"690590","69059000005"
"690600","69060000003"
"691010","69101000005"
"691090","69109000008"
"691110","69111000004"
"691190","69119000007"
"700100","70010000005"
"700210","70021000002"
"700220","70022000000"
"700231","70023100007"
"700232","70023200006"
"700239","70023900009"
"700320","70032000009"
"700330","70033000007"
"700420","70042000008"
"700490","70049000003"
"700521","70052100006"
"700530","70053000005"
"700600","70060000000"
"700711","70071100006"
"700719","70071900008"
"700721","70072100004"
"700729","70072900006"
"700800","70080000008"
"700910","70091000005"
"700992","70099200006"
"701010","70101000002"
"701020","70102000000"
"701110","70111000001"
"701120","70112000009"
"701190","70119000004"
"701310","70131000009"
"701322","70132200005"
"701328","70132800009"
"701333","70133300002"
"701337","70133700008"
"701341","70134100002"
"701342","70134200001"
"701349","70134900004"
"701391","70139100001"
"701510","70151000007"
"701610","70161000006"
"701690","70169000009"
"701710","70171000005"
"701720","70172000003"
"701790","70179000008"
"701911","70191100002"
"701912","70191200001"
"701913","70191300000"
"701914","70191400009"
"701915","70191500008"
"701961","70196100001"
"701962","70196200000"
"701963","70196300009"
"701964","70196400008"
"701965","70196500007"
"701966","70196600006"
"701971","70197100009"
"701972","70197200008"
"701973","70197300007"
"710110","71011000002"
"710121","71012100009"
"710122","71012200008"
"710210","71021000001"
"710221","71022100008"
"710229","71022900000"
"710231","71023100006"
"710239","71023900008"
"710391","71039100002"
"710410","71041000009"
"710590","71059000001"
"710610","71061000007"
"710691","71069100009"
"710692","71069200008"
"710700","71070000008"
"710811","71081100004"
"710820","71082000003"
"710900","71090000006"
"711011","71101100000"
"711019","71101900002"
"711021","71102100008"
"711029","71102900000"
"711031","71103100006"
"711039","71103900008"
"711041","71104100004"
"711049","71104900006"
"711100","71110000002"
"711230","71123000005"
"711291","71129100001"
"711292","71129200000"
"711311","71131100007"
"711319","71131900009"
"711320","71132000006"
"711411","71141100006"
"711419","71141900008"
"711420","71142000005"
"711510","71151000006"
"711711","71171100003"
"711719","71171900005"
"711790","71179000007"
"720120","72012000009"
"720211","72021100009"
"720219","72021900001"
"720221","72022100007"
"720229","72022900009"
"720230","72023000006"
"720241","72024100003"
"720249","72024900005"
"720250","72025000001"
"720260","72026000009"
"720270","72027000007"
"720292","72029200001"
"720293","72029300000"
"720310","72031000009"
"720410","72041000008"
"720421","72042100005"
"720429","72042900007"
"720430","72043000004"
"720441","72044100001"
"720450","72045000009"
"720521","72052100004"
"720610","72061000006"
"720690","72069000009"
"721011","72101100009"
"721012","72101200008"
"721020","72102000008"
"721041","72104100003"
"721050","72105000001"
"721069","72106900000"
"721210","72121000008"
"721220","72122000006"
"721260","72126000007"
"721310","72131000007"
"721420","72142000004"
"721510","72151000005"
"721590","72159000008"
"721621","72162100001"
"721622","72162200000"
"721650","72165000005"
"721661","72166100002"
"721669","72166900004"
"721691","72169100006"
"721810","72181000002"
"722230","72223000002"
"722240","72224000000"
"722511","72251100002"
"722530","72253000009"
"722550","72255000004"
"722591","72259100005"
"722592","72259200004"
"722611","72261100001"
"722710","72271000001"
"722860","72286000009"
"722870","72287000007"
"722920","72292000007"
"730110","73011000000"
"730120","73012000008"
"730230","73023000005"
"730240","73024000003"
"730300","73030000000"
"730411","73041100006"
"730419","73041900008"
"730422","73042200003"
"730423","73042300002"
"730424","73042400001"
"730429","73042900006"
"730431","73043100002"
"730441","73044100000"
"730449","73044900002"
"730490","73049000000"
"730611","73061100004"
"730619","73061900006"
"730621","73062100002"
"730629","73062900004"
"730640","73064000009"
"730650","73065000006"
"730711","73071100003"
"730719","73071900005"
"730721","73072100001"
"730723","73072300009"
"730729","73072900003"
"730791","73079100006"
"730793","73079300004"
"730799","73079900008"
"730810","73081000003"
"730820","73082000001"
"730830","73083000009"
"730840","73084000007"
"730900","73090000004"
"731010","73101000009"
"731021","73102100006"
"731100","73110000000"
"731290","73129000000"
"731300","73130000008"
"731412","73141200003"
"731414","73141400001"
"731420","73142000003"
"731431","73143100000"
"731439","73143900002"
"731441","73144100008"
"731442","73144200007"
"731449","73144900000"
"731450","73145000006"
"731512","73151200002"
"731519","73151900005"
"731520","73152000002"
"731581","73158100008"
"731582","73158200007"
"731589","73158900000"
"731590","73159000007"
"731600","73160000005"
"731811","73181100000"
"731812","73181200009"
"731813","73181300008"
"731814","73181400007"
"731816","73181600005"
"731819","73181900002"
"731821","73182100008"
"731822","73182200007"
"731823","73182300006"
"731824","73182400005"
"731829","73182900000"
"732090","73209000000"
"732111","73211100005"
"732112","73211200004"
"732181","73218100000"
"732182","73218200009"
"732190","73219000009"
"732211","73221100004"
"732219","73221900006"
"732290","73229000008"
"732391","73239100006"
"732392","73239200005"
"732393","73239300004"
"732394","73239400003"
"732399","73239900008"
"732410","73241000003"
"732421","73242100000"
"732429","73242900002"
"732490","73249000006"
"732510","73251000002"
"732591","73259100004"
"732611","73261100000"
"732619","73261900002"
"740200","74020000000"
"740311","74031100006"
"740312","74031200005"
"740313","74031300004"
"740319","74031900008"
"740321","74032100004"
"740322","74032200003"
"740500","74050000007"
"740610","74061000004"
"740620","74062000002"
"740811","74081100001"
"740821","74082100009"
"740822","74082200008"
"740921","74092100008"
"740929","74092900000"
"740931","74093100006"
"740939","74093900008"
"740940","74094000005"
"740990","74099000004"
"741012","74101200006"
"741022","74102200004"
"741110","74111000007"
"741121","74112100004"
"741122","74112200003"
"741129","74112900006"
"741210","74121000006"
"741510","74151000003"
"741521","74152100000"
"741533","74153300006"
"741539","74153900000"
"741820","74182000008"
"750110","75011000008"
"750120","75012000006"
"750210","75021000007"
"750220","75022000005"
"750300","75030000008"
"750400","75040000007"
"750521","75052100001"
"750522","75052200000"
"750711","75071100001"
"750712","75071200000"
"750720","75072000000"
"750810","75081000001"
"760110","76011000007"
"760310","76031000005"
"760320","76032000003"
"760421","76042100001"
"760519","76051900004"
"760529","76052900002"
"760720","76072000009"
"760900","76090000001"
"761010","76101000006"
"761090","76109000009"
"761100","76110000007"
"761210","76121000004"
"761300","76130000005"
"761410","76141000002"
"761490","76149000005"
"761520","76152000009"
"761610","76161000000"
"761691","76169100002"
"780110","78011000005"
"780191","78019100007"
"780199","78019900009"
"780200","78020000006"
"780411","78041100001"
"780419","78041900003"
"780420","78042000000"
"790111","79011100003"
"790112","79011200002"
"790120","79012000002"
"790310","79031000002"
"790390","79039000005"
"800110","80011000001"
"800120","80012000009"
"800200","80020000002"
"810110","81011000000"
"810194","81019400009"
"810196","81019600007"
"810197","81019700006"
"810210","81021000009"
"810294","81029400008"
"810296","81029600006"
"810297","81029700005"
"810299","81029900003"
"810330","81033000004"
"810391","81039100000"
"810399","81039900002"
"810411","81041100006"
"810419","81041900008"
"810420","81042000005"
"810490","81049000000"
"810530","81053000002"
"810610","81061000005"
"810690","81069000008"
"810820","81082000001"
"810830","81083000009"
"810921","81092100009"
"810929","81092900001"
"810931","81093100007"
"810939","81093900009"
"810991","81099100004"
"810999","81099900006"
"811010","81101000009"
"811020","81102000007"
"811090","81109000002"
"811212","81121200005"
"811213","81121300004"
"811219","81121900008"
"811221","81122100004"
"811222","81122200003"
"811229","81122900006"
"811231","81123100002"
"811241","81124100000"
"811251","81125100007"
"811252","81125200006"
"811259","81125900009"
"811261","81126100005"
"820110","82011000009"
"820130","82013000005"
"820150","82015000000"
"820160","82016000008"
"820190","82019000002"
"820210","82021000008"
"820220","82022000006"
"820231","82023100003"
"820240","82024000002"
"820310","82031000007"
"820320","82032000005"
"820330","82033000003"
"820411","82041100005"
"820412","82041200004"
"820420","82042000004"
"820520","82052000003"
"820540","82054000009"
"820560","82056000004"
"820570","82057000002"
"820590","82059000008"
"820600","82060000006"
"820713","82071300000"
"820740","82074000007"
"820770","82077000000"
"820780","82078000008"
"820820","82082000000"
"821000","82100000000"
"821110","82111000007"
"821191","82119100009"
"821210","82121000006"
"821290","82129000009"
"821420","82142000002"
"821510","82151000003"
"821520","82152000001"
"821591","82159100005"
"821599","82159900007"
"830110","83011000008"
"830120","83012000006"
"830130","83013000004"
"830140","83014000002"
"830150","83015000009"
"830160","83016000007"
"830170","83017000005"
"830210","83021000007"
"830220","83022000005"
"830230","83023000003"
"830241","83024100000"
"830242","83024200009"
"830249","83024900002"
"830250","83025000008"
"830260","83026000006"
"830300","83030000008"
"830400","83040000007"
"830510","83051000004"
"830520","83052000002"
"830610","83061000003"
"830621","83062100000"
"830629","83062900002"
"830710","83071000002"
"830810","83081000001"
"830820","83082000009"
"830910","83091000000"
"831000","83100000009"
"831110","83111000006"
"831120","83112000004"
"831190","83119000009"
"840110","84011000007"
"840120","84012000005"
"840130","84013000003"
"840211","84021100005"
"840212","84021200004"
"840220","84022000004"
"840290","84029000009"
"840310","84031000005"
"840390","84039000008"
"840420","84042000002"
"840490","84049000007"
"840510","84051000003"
"840590","84059000006"
"840690","84069000005"
"840710","84071000001"
"840721","84072100008"
"840729","84072900000"
"840731","84073100006"
"840732","84073200005"
"840810","84081000000"
"840910","84091000009"
"841011","84101100005"
"841012","84101200004"
"841013","84101300003"
"841090","84109000009"
"841111","84111100004"
"841112","84111200003"
"841121","84112100002"
"841122","84112200001"
"841181","84118100009"
"841182","84118200008"
"841199","84119900009"
"841210","84121000004"
"841229","84122900003"
"841239","84123900001"
"841280","84128000009"
"841311","84131100002"
"841319","84131900004"
"841320","84132000001"
"841340","84134000007"
"841350","84135000004"
"841360","84136000002"
"841370","84137000000"
"841382","84138200006"
"841391","84139100005"
"841392","84139200004"
"841420","84142000000"
"841451","84145100002"
"841460","84146000001"
"841470","84147000009"
"841520","84152000009"
"841581","84158100005"
"841582","84158200004"
"841583","84158300003"
"841610","84161000000"
"841620","84162000008"
"841630","84163000006"
"841710","84171000009"
"841720","84172000007"
"841790","84179000002"
"841861","84186100006"
"841911","84191100006"
"841912","84191200005"
"841919","84191900008"
"841920","84192000005"
"841934","84193400009"
"841935","84193500008"
"841939","84193900004"
"841960","84196000006"
"841981","84198100001"
"842111","84211100002"
"842112","84211200001"
"842122","84212200009"
"842132","84213200007"
"842191","84219100005"
"842211","84221100001"
"842219","84221900003"
"842220","84222000000"
"842230","84223000008"
"842290","84229000005"
"842420","84242000008"
"842430","84243000006"
"842441","84244100003"
"842449","84244900005"
"842482","84248200003"
"842511","84251100008"
"842519","84251900000"
"842531","84253100004"
"842539","84253900006"
"842541","84254100002"
"842611","84261100007"
"842619","84261900009"
"842620","84262000006"
"842630","84263000004"
"842641","84264100001"
"842649","84264900003"
"842691","84269100000"
"842699","84269900002"
"842790","84279000000"
"842831","84283100001"
"842832","84283200000"
"842833","84283300009"
"842839","84283900003"
"842860","84286000005"
"842870","84287000003"
"842890","84289000009"
"842911","84291100004"
"842919","84291900006"
"842920","84292000003"
"842930","84293000001"
"842940","84294000009"
"842951","84295100005"
"842952","84295200004"
"842959","84295900007"
"843010","84301000002"
"843020","84302000000"
"843031","84303100007"
"843039","84303900009"
"843049","84304900007"
"843050","84305000003"
"843061","84306100000"
"843069","84306900002"
"843110","84311000001"
"843120","84312000009"
"843139","84313900008"
"843141","84314100004"
"843142","84314200003"
"843143","84314300002"
"843149","84314900006"
"843221","84322100007"
"843231","84323100005"
"843239","84323900007"
"843241","84324100003"
"843242","84324200002"
"843311","84331100008"
"843319","84331900000"
"843320","84332000007"
"843330","84333000005"
"843340","84334000003"
"843351","84335100009"
"843352","84335200008"
"843359","84335900001"
"843360","84336000008"
"843390","84339000002"
"843410","84341000008"
"843420","84342000006"
"843490","84349000001"
"843610","84361000006"
"843621","84362100003"
"843629","84362900005"
"843691","84369100008"
"843699","84369900000"
"843710","84371000005"
"843780","84378000000"
"843790","84379000008"
"843820","84382000002"
"843830","84383000000"
"843840","84384000008"
"843850","84385000005"
"843860","84386000003"
"843880","84388000009"
"843890","84389000007"
"843910","84391000003"
"843920","84392000001"
"843930","84393000009"
"843991","84399100005"
"843999","84399900007"
"844010","84401000000"
"844090","84409000003"
"844110","84411000009"
"844120","84412000007"
"844130","84413000005"
"844140","84414000003"
"844190","84419000002"
"844311","84431100006"
"844312","84431200005"
"844313","84431300004"
"844314","84431400003"
"844315","84431500002"
"844316","84431600001"
"844317","84431700000"
"844331","84433100002"
"844332","84433200001"
"844391","84439100009"
"844399","84439900001"
"844400","84440000008"
"844511","84451100004"
"844512","84451200003"
"844621","84462100001"
"844629","84462900003"
"844711","84471100002"
"844712","84471200001"
"844720","84472000001"
"844790","84479000006"
"844811","84481100001"
"844820","84482000000"
"844831","84483100007"
"844832","84483200006"
"844839","84483900009"
"844842","84484200004"
"844851","84485100002"
"844859","84485900004"
"845020","84502000005"
"845090","84509000000"
"845110","84511000006"
"845129","84512900005"
"845130","84513000002"
"845140","84514000000"
"845180","84518000001"
"845190","84519000009"
"845229","84522900004"
"845230","84523000001"
"845310","84531000004"
"845320","84532000002"
"845380","84538000009"
"845390","84539000007"
"845410","84541000003"
"845430","84543000009"
"845490","84549000006"
"845510","84551000002"
"845521","84552100009"
"845522","84552200008"
"845530","84553000008"
"845590","84559000005"
"845620","84562000009"
"845630","84563000007"
"845640","84564000005"
"845650","84565000002"
"845710","84571000000"
"845720","84572000008"
"845730","84573000006"
"845811","84581100008"
"845819","84581900000"
"845891","84589100001"
"845899","84589900003"
"845910","84591000008"
"845929","84592900007"
"845931","84593100003"
"845939","84593900005"
"845941","84594100001"
"845949","84594900003"
"845951","84595100008"
"845959","84595900000"
"845961","84596100006"
"845970","84597000005"
"846012","84601200003"
"846019","84601900006"
"846022","84602200001"
"846023","84602300000"
"846024","84602400009"
"846029","84602900004"
"846031","84603100000"
"846039","84603900002"
"846040","84604000009"
"846130","84613000000"
"846140","84614000008"
"846150","84615000005"
"846211","84621100002"
"846219","84621900004"
"846223","84622300008"
"846224","84622400007"
"846225","84622500006"
"846226","84622600005"
"846229","84622900002"
"846232","84623200007"
"846233","84623300006"
"846239","84623900000"
"846242","84624200005"
"846249","84624900008"
"846251","84625100003"
"846259","84625900005"
"846263","84626300009"
"846320","84632000000"
"846330","84633000008"
"846390","84639000005"
"846410","84641000001"
"846420","84642000009"
"846510","84651000000"
"846520","84652000008"
"846591","84659100002"
"846592","84659200001"
"846593","84659300000"
"846594","84659400009"
"846595","84659500008"
"846596","84659600007"
"846610","84661000009"
"846620","84662000007"
"846630","84663000005"
"846691","84669100001"
"846692","84669200000"
"846694","84669400008"
"846721","84672100005"
"846722","84672200004"
"846781","84678100002"
"846789","84678900004"
"846791","84679100000"
"846792","84679200009"
"846799","84679900002"
"846810","84681000007"
"846820","84682000005"
"846880","84688000002"
"846890","84689000000"
"847021","84702100000"
"847029","84702900002"
"847030","84703000009"
"847050","84705000004"
"847090","84709000006"
"847130","84713000008"
"847141","84714100005"
"847149","84714900007"
"847150","84715000003"
"847180","84718000007"
"847210","84721000001"
"847321","84732100007"
"847329","84732900009"
"847330","84733000006"
"847350","84735000001"
"847410","84741000009"
"847420","84742000007"
"847431","84743100004"
"847432","84743200003"
"847439","84743900006"
"847480","84748000004"
"847490","84749000002"
"847510","84751000008"
"847521","84752100005"
"847529","84752900007"
"847621","84762100004"
"847629","84762900006"
"847681","84768100001"
"847730","84773000002"
"847740","84774000000"
"847751","84775100006"
"847759","84775900008"
"847780","84778000001"
"847790","84779000009"
"847810","84781000005"
"847890","84789000008"
"847920","84792000002"
"847930","84793000000"
"847940","84794000008"
"847960","84796000003"
"847971","84797100000"
"847979","84797900002"
"847981","84798100008"
"847982","84798200007"
"847983","84798300006"
"848010","84801000001"
"848020","84802000009"
"848030","84803000007"
"848041","84804100004"
"848049","84804900006"
"848050","84805000002"
"848060","84806000000"
"848079","84807900009"
"848110","84811000000"
"848120","84812000008"
"848130","84813000006"
"848140","84814000004"
"848280","84828000004"
"848320","84832000006"
"848350","84835000009"
"848410","84841000007"
"848420","84842000005"
"848510","84851000006"
"848520","84852000004"
"848530","84853000002"
"848580","84858000001"
"848590","84859000009"
"848710","84871000004"
"850171","85017100002"
"850211","85021100004"
"850212","85021200003"
"850231","85023100000"
"850240","85024000009"
"850410","85041000003"
"850431","85043100008"
"850490","85049000006"
"850511","85051100001"
"850519","85051900003"
"850520","85052000000"
"850630","85063000007"
"850640","85064000005"
"850650","85065000002"
"850660","85066000000"
"850690","85069000004"
"850710","85071000000"
"850720","85072000008"
"850730","85073000006"
"850750","85075000001"
"850790","85079000003"
"850811","85081100008"
"850819","85081900000"
"850860","85086000008"
"850870","85087000006"
"850940","85094000002"
"850990","85099000001"
"851010","85101000005"
"851020","85102000003"
"851030","85103000001"
"851110","85111000004"
"851120","85112000002"
"851180","85118000009"
"851230","85123000009"
"851240","85124000007"
"851390","85139000005"
"851411","85141100000"
"851419","85141900002"
"851420","85142000009"
"851431","85143100006"
"851432","85143200005"
"851439","85143900008"
"851440","85144000005"
"851511","85151100009"
"851521","85152100007"
"851529","85152900009"
"851531","85153100005"
"851539","85153900007"
"851610","85161000009"
"851621","85162100006"
"851631","85163100004"
"851632","85163200003"
"851633","85163300002"
"851640","85164000003"
"851650","85165000000"
"851671","85167100005"
"851672","85167200004"
"851679","85167900007"
"851680","85168000004"
"851711","85171100007"
"851713","85171300005"
"851714","85171400004"
"851761","85176100006"
"851762","85176200005"
"851771","85177100004"
"851779","85177900006"
"851821","85182100004"
"851822","85182200003"
"851930","85193000002"
"851989","85198900002"
"852210","85221000001"
"852321","85232100007"
"852341","85234100003"
"852351","85235100000"
"852359","85235900002"
"852380","85238000005"
"852411","85241100008"
"852412","85241200007"
"852419","85241900000"
"852491","85249100001"
"852492","85249200000"
"852499","85249900003"
"852560","85256000007"
"852610","85261000007"
"852712","85271200004"
"852713","85271300003"
"852719","85271900007"
"852729","85272900005"
"852791","85279100008"
"852792","85279200007"
"852799","85279900000"
"852842","85284200007"
"852852","85285200004"
"852872","85287200000"
"852873","85287300009"
"853010","85301000001"
"853080","85308000006"
"853090","85309000004"
"853210","85321000009"
"853221","85322100006"
"853222","85322200005"
"853223","85322300004"
"853224","85322400003"
"853229","85322900008"
"853230","85323000005"
"853290","85329000002"
"853331","85333100003"
"853339","85333900005"
"853340","85334000002"
"853390","85339000001"
"853510","85351000006"
"853610","85361000005"
"853630","85363000001"
"853641","85364100008"
"853661","85366100003"
"853670","85367000002"
"853810","85381000003"
"853910","85391000002"
"853921","85392100009"
"853931","85393100007"
"853941","85394100005"
"853951","85395100002"
"853952","85395200001"
"853990","85399000005"
"854012","85401200007"
"854020","85402000007"
"854040","85404000003"
"854060","85406000008"
"854071","85407100005"
"854081","85408100003"
"854099","85409900003"
"854121","85412100005"
"854130","85413000004"
"854151","85415100008"
"854159","85415900000"
"854231","85423100002"
"854233","85423300000"
"854310","85431000006"
"854320","85432000004"
"854411","85441100004"
"854419","85441900006"
"854430","85443000001"
"854470","85447000002"
"854511","85451100003"
"854520","85452000002"
"854610","85461000003"
"854620","85462000001"
"854690","85469000006"
"854710","85471000002"
"854720","85472000000"
"854911","85491100009"
"854912","85491200008"
"854913","85491300007"
"854914","85491400006"
"854919","85491900001"
"854921","85492100007"
"854929","85492900009"
"854931","85493100005"
"854939","85493900007"
"854991","85499100002"
"860110","86011000005"
"860120","86012000003"
"860210","86021000004"
"860310","86031000003"
"860390","86039000006"
"860500","86050000003"
"860610","86061000000"
"860630","86063000006"
"860692","86069200001"
"860699","86069900004"
"860711","86071100008"
"860712","86071200007"
"860719","86071900000"
"860721","86072100006"
"860729","86072900008"
"860730","86073000005"
"860799","86079900003"
"860900","86090000009"
"870110","87011000004"
"870121","87012100001"
"870122","87012200000"
"870123","87012300009"
"870124","87012400008"
"870129","87012900003"
"870310","87031000002"
"870432","87043200005"
"870452","87045200000"
"870490","87049000004"
"870520","87052000008"
"870530","87053000006"
"870540","87054000004"
"870710","87071000008"
"870810","87081000007"
"870821","87082100004"
"870822","87082200003"
"870893","87089300007"
"870990","87099000009"
"871130","87113000008"
"871140","87114000006"
"871150","87115000003"
"871310","87131000000"
"871390","87139000003"
"871420","87142000007"
"871495","87149500007"
"871500","87150000000"
"871610","87161000007"
"871620","87162000005"
"871631","87163100002"
"871640","87164000001"
"871680","87168000002"
"871690","87169000000"
"880211","88021100001"
"880212","88021200000"
"880220","88022000000"
"880230","88023000008"
"880240","88024000006"
"880260","88026000001"
"880510","88051000009"
"880610","88061000008"
"880621","88062100005"
"880624","88062400002"
"880629","88062900007"
"880691","88069100000"
"880694","88069400007"
"880699","88069900002"
"880710","88071000007"
"880720","88072000005"
"890110","89011000002"
"890120","89012000000"
"890130","89013000008"
"890311","89031100009"
"890321","89032100007"
"890322","89032200006"
"890323","89032300005"
"890331","89033100005"
"890332","89033200004"
"890333","89033300003"
"890400","89040000001"
"890510","89051000008"
"890520","89052000006"
"890610","89061000007"
"890790","89079000009"
"900110","90011000009"
"900120","90012000007"
"900130","90013000005"
"900219","90021900009"
"900220","90022000006"
"900311","90031100006"
"900390","90039000000"
"900640","90064000008"
"900661","90066100002"
"900669","90066900004"
"900691","90069100006"
"900699","90069900008"
"900710","90071000003"
"900720","90072000001"
"900791","90079100005"
"900792","90079200004"
"900890","90089000005"
"901010","90101000008"
"901060","90106000007"
"901110","90111000007"
"901120","90112000005"
"901180","90118000002"
"901190","90119000000"
"901210","90121000006"
"901290","90129000009"
"901320","90132000003"
"901410","90141000004"
"901420","90142000002"
"901490","90149000007"
"901510","90151000003"
"901520","90152000001"
"901530","90153000009"
"901540","90154000007"
"901730","90173000007"
"901811","90181100009"
"901812","90181200008"
"901813","90181300007"
"901820","90182000008"
"901831","90183100005"
"901832","90183200004"
"901841","90184100003"
"902121","90212100002"
"902131","90213100000"
"902140","90214000009"
"902150","90215000006"
"902212","90221200002"
"902213","90221300001"
"902214","90221400000"
"902219","90221900005"
"902230","90223000000"
"902410","90241000002"
"902480","90248000007"
"902490","90249000005"
"902590","90259000004"
"902690","90269000003"
"902710","90271000009"
"902750","90275000000"
"902781","90278100003"
"902830","90283000004"
"902890","90289000001"
"902990","90299000000"
"903031","90303100009"
"903032","90303200008"
"903039","90303900001"
"903040","90304000008"
"903082","90308200007"
"903084","90308400005"
"903089","90308900000"
"903110","90311000003"
"903120","90312000001"
"903210","90321000002"
"903220","90322000000"
"903281","90328100006"
"903290","90329000005"
"910111","91011100007"
"910121","91012100005"
"910129","91012900007"
"910191","91019100000"
"910199","91019900002"
"910211","91021100006"
"910212","91021200005"
"910219","91021900008"
"910221","91022100004"
"910229","91022900006"
"910291","91029100009"
"910299","91029900001"
"910310","91031000006"
"910390","91039000009"
"910400","91040000007"
"910511","91051100003"
"910519","91051900005"
"910521","91052100001"
"910529","91052900003"
"910599","91059900008"
"910610","91061000003"
"910700","91070000004"
"910812","91081200009"
"910819","91081900002"
"910820","91082000009"
"910890","91089000004"
"910910","91091000000"
"910990","91099000003"
"911011","91101100006"
"911012","91101200005"
"911019","91101900008"
"911090","91109000000"
"911110","91111000006"
"911120","91112000004"
"911180","91118000001"
"911190","91119000009"
"911220","91122000003"
"911290","91129000008"
"911310","91131000004"
"911320","91132000002"
"911440","91144000007"
"911490","91149000006"
"920110","92011000007"
"920120","92012000005"
"920510","92051000003"
"920600","92060000004"
"920810","92081000000"
"920930","92093000005"
"920991","92099100001"
"920992","92099200000"
"920994","92099400008"
"930110","93011000006"
"930120","93012000004"
"930190","93019000009"
"930200","93020000007"
"930310","93031000004"
"930320","93032000002"
"930330","93033000000"
"930510","93051000002"
"930591","93059100004"
"930621","93062100008"
"930629","93062900000"
"930690","93069000004"
"940110","94011000005"
"940120","94012000003"
"940131","94013100000"
"940139","94013900002"
"940141","94014100008"
"940149","94014900000"
"940171","94017100001"
"940179","94017900003"
"940180","94018000000"
"940191","94019100007"
"940199","94019900009"
"940310","94031000003"
"940320","94032000001"
"940370","94037000000"
"940391","94039100005"
"940399","94039900007"
"940410","94041000002"
"940421","94042100009"
"940430","94043000008"
"940440","94044000006"
"940511","94051100000"
"940519","94051900002"
"940521","94052100008"
"940529","94052900000"
"940531","94053100006"
"940539","94053900008"
"940591","94059100003"
"940592","94059200002"
"940599","94059900005"
"940610","94061000000"
"940620","94062000008"
"940690","94069000003"
"950420","95042000009"
"950440","95044000005"
"950590","95059000003"
"950611","95061100008"
"950612","95061200007"
"950619","95061900000"
"950621","95062100006"
"950629","95062900008"
"950631","95063100004"
"950632","95063200003"
"950639","95063900006"
"950651","95065100009"
"950661","95066100007"
"950691","95069100001"
"950710","95071000008"
"950720","95072000006"
"950730","95073000004"
"950790","95079000001"
"950810","95081000007"
"950821","95082100004"
"950822","95082200003"
"950823","95082300002"
"950824","95082400001"
"950825","95082500000"
"950826","95082600009"
"950829","95082900006"
"950830","95083000003"
"950840","95084000001"
"960310","96031000001"
"960321","96032100008"
"960329","96032900000"
"960340","96034000005"
"960350","96035000002"
"960500","96050000001"
"960610","96061000008"
"960621","96062100005"
"960622","96062200004"
"960629","96062900007"
"960630","96063000004"
"960711","96071100006"
"960720","96072000005"
"960810","96081000006"
"960820","96082000004"
"960840","96084000000"
"960850","96085000007"
"960860","96086000005"
"960899","96089900000"
"960910","96091000005"
"960920","96092000003"
"961000","96100000004"
"961210","96121000000"
"961220","96122000008"
"961310","96131000009"
"961320","96132000007"
"961511","96151100006"
"961519","96151900008"
"961590","96159000000"
"961610","96161000006"
"961620","96162000004"
"961700","96170000007"
"961800","96180000006"
"970121","97012100009"
"970122","97012200008"
"970129","97012900001"
"970191","97019100004"
"970192","97019200003"
"970199","97019900006"
"970210","97021000001"
"970290","97029000004"
"970521","97052100005"
"970531","97053100003"
"970539","97053900005"
"980500","98050000009"
"980740","98074000009"
"980910","98091000003"
"981000","98100000100"
"981100","98110000001"
"981300","98130000009"
"981700","98170000005"
"981800","98180000004"
"982000","98200000000"
"982511","98251100002"
"982512","98251200001"
"982521","98252100000"
"982522","98252200009"
"982531","98253100008"
"982532","98253200007"
"982550","98255000004"
"989900","98990000006"
